[{"id":"user-image-photo-1528203160112-02d5f4f8a6c1-1.jpeg","publicUrl":"np://user.desktop.nicepage.com/Site_55982474/images/photo-1528203160112-02d5f4f8a6c1-1.jpeg","size":61784,"hash":"4noB9Qyao4RqQ1m1NN0uqYcCjDk=","fileName":"photo-1528203160112-02d5f4f8a6c1-1.jpeg","name":"photo-1528203160112-02d5f4f8a6c1-1","width":1080,"height":720,"thumbnail":{"url":"np://user.desktop.nicepage.com/Site_55982474/images/thumbnails/photo-1528203160112-02d5f4f8a6c1-1.jpeg","width":250,"height":167},"folderId":null,"usages":["9817898"]},{"id":"user-image-photo-1525969143412-be60db3feb79.jpeg","publicUrl":"np://user.desktop.nicepage.com/Site_55982474/images/photo-1525969143412-be60db3feb79.jpeg","size":61057,"hash":"SOQ3LLuAGeNhrIZKGIGveV7eo3k=","fileName":"photo-1525969143412-be60db3feb79.jpeg","name":"photo-1525969143412-be60db3feb79","width":1080,"height":720,"thumbnail":{"url":"np://user.desktop.nicepage.com/Site_55982474/images/thumbnails/photo-1525969143412-be60db3feb79.jpeg","width":250,"height":167},"folderId":null,"usages":["9817898"]},{"id":"user-image-photo-1518172297066-0af6ae79458c.jpeg","publicUrl":"np://user.desktop.nicepage.com/Site_55982474/images/photo-1518172297066-0af6ae79458c.jpeg","size":99470,"hash":"/H/YGPu/fqkysTmdcy8tNJXmBec=","fileName":"photo-1518172297066-0af6ae79458c.jpeg","name":"photo-1518172297066-0af6ae79458c","width":1080,"height":652,"thumbnail":{"url":"np://user.desktop.nicepage.com/Site_55982474/images/thumbnails/photo-1518172297066-0af6ae79458c.jpeg","width":250,"height":151},"folderId":null,"usages":["9817898"]},{"id":"user-image-photo-1517444861450-19fc0d046630.jpeg","publicUrl":"np://user.desktop.nicepage.com/Site_55982474/images/photo-1517444861450-19fc0d046630.jpeg","size":40055,"hash":"lX0Vc11x7ISgUX0HhM5813huhWk=","fileName":"photo-1517444861450-19fc0d046630.jpeg","name":"photo-1517444861450-19fc0d046630","width":1080,"height":608,"thumbnail":{"url":"np://user.desktop.nicepage.com/Site_55982474/images/thumbnails/photo-1517444861450-19fc0d046630.jpeg","width":250,"height":141},"folderId":null,"usages":["9817898"]},{"id":"user-image-photo-1470338229081-eb5980be28c9.jpeg","publicUrl":"np://user.desktop.nicepage.com/Site_55982474/images/photo-1470338229081-eb5980be28c9.jpeg","size":12080,"hash":"LZluAXMnfXhRrzXylNBWv+v2nmg=","fileName":"photo-1470338229081-eb5980be28c9.jpeg","name":"photo-1470338229081-eb5980be28c9","width":1080,"height":720,"thumbnail":{"url":"np://user.desktop.nicepage.com/Site_55982474/images/thumbnails/photo-1470338229081-eb5980be28c9.jpeg","width":250,"height":167},"folderId":null,"usages":["9817898"]},{"id":"user-image-photo-1506071286227-8b9d67901fce.jpeg","publicUrl":"np://user.desktop.nicepage.com/Site_55982474/images/photo-1506071286227-8b9d67901fce.jpeg","size":57187,"hash":"BStoF9Jmbvff7GtCMHF1pqGN0yQ=","fileName":"photo-1506071286227-8b9d67901fce.jpeg","name":"photo-1506071286227-8b9d67901fce","width":1080,"height":720,"thumbnail":{"url":"np://user.desktop.nicepage.com/Site_55982474/images/thumbnails/photo-1506071286227-8b9d67901fce.jpeg","width":250,"height":167},"folderId":null,"usages":["9817898"]},{"id":"user-image-photo-1503901468450-f63d5a88bc57.jpeg","publicUrl":"np://user.desktop.nicepage.com/Site_55982474/images/photo-1503901468450-f63d5a88bc57.jpeg","size":110100,"hash":"UTaVgTAkfHb+ovNKqhv3pW/6fMQ=","fileName":"photo-1503901468450-f63d5a88bc57.jpeg","name":"photo-1503901468450-f63d5a88bc57","width":1080,"height":720,"thumbnail":{"url":"np://user.desktop.nicepage.com/Site_55982474/images/thumbnails/photo-1503901468450-f63d5a88bc57.jpeg","width":250,"height":167},"folderId":null,"usages":["9817898"]},{"id":"user-image-photo-1495367958595-2260f2976473.jpeg","publicUrl":"np://user.desktop.nicepage.com/Site_55982474/images/photo-1495367958595-2260f2976473.jpeg","size":46895,"hash":"hV7/OSDGZPPtZeCZ42PanKMbhSI=","fileName":"photo-1495367958595-2260f2976473.jpeg","name":"photo-1495367958595-2260f2976473","width":1080,"height":1620,"thumbnail":{"url":"np://user.desktop.nicepage.com/Site_55982474/images/thumbnails/photo-1495367958595-2260f2976473.jpeg","width":167,"height":250},"folderId":null,"usages":["9817898"]},{"id":"user-image-photo-1524834671419-aa7d41c1c657.jpeg","publicUrl":"np://user.desktop.nicepage.com/Site_55982474/images/photo-1524834671419-aa7d41c1c657.jpeg","size":64242,"hash":"pOHBQQZfoyw2hMwiV2/UKUn+EV8=","fileName":"photo-1524834671419-aa7d41c1c657.jpeg","name":"photo-1524834671419-aa7d41c1c657","width":1080,"height":715,"thumbnail":{"url":"np://user.desktop.nicepage.com/Site_55982474/images/thumbnails/photo-1524834671419-aa7d41c1c657.jpeg","width":250,"height":166},"folderId":null,"usages":["9817898"]},{"id":"user-image-photo-1518725867254-dcd61bd86756.jpeg","publicUrl":"np://user.desktop.nicepage.com/Site_55982474/images/photo-1518725867254-dcd61bd86756.jpeg","size":93208,"hash":"88HJ7FrmKJQUHxC7TdrlTZGPdr8=","fileName":"photo-1518725867254-dcd61bd86756.jpeg","name":"photo-1518725867254-dcd61bd86756","width":1080,"height":672,"thumbnail":{"url":"np://user.desktop.nicepage.com/Site_55982474/images/thumbnails/photo-1518725867254-dcd61bd86756.jpeg","width":250,"height":156},"folderId":null,"usages":["9817898"]},{"id":"user-image-Logo-1.png","publicUrl":"np://user.desktop.nicepage.com/Site_55982474/images/Logo-1.png","size":14526,"hash":"P+UeJD1SSZHn4ZbnCKvDrKKgnw4=","fileName":"Logo-1.png","name":"Logo-1","width":560,"height":636,"thumbnail":{"url":"np://user.desktop.nicepage.com/Site_55982474/images/thumbnails/Logo-1.png","width":220,"height":250},"folderId":null,"usages":[]}]